time,MINUS_DI
2023-07-24 19:00,10.6057
2023-07-24 18:00,10.7447
2023-07-24 17:00,10.8241
2023-07-24 16:00,11.9970
2023-07-24 15:00,14.0481
2023-07-24 14:00,14.3826
2023-07-24 13:00,14.9937
2023-07-24 12:00,15.6719
2023-07-24 11:00,16.0749
2023-07-24 10:00,16.8619
2023-07-24 09:00,17.8090
2023-07-24 08:00,16.7746
2023-07-24 07:00,15.0776
2023-07-24 06:00,15.0227
2023-07-24 05:00,14.9167
2023-07-24 04:00,15.0500
2023-07-21 19:00,15.6770
2023-07-21 18:00,15.7662
2023-07-21 17:00,15.9484
2023-07-21 16:00,25.5064
2023-07-21 15:00,27.2186
2023-07-21 14:00,22.5165
2023-07-21 13:00,20.4755
2023-07-21 12:00,21.0641
2023-07-21 11:00,20.3492
2023-07-21 10:00,21.2106
2023-07-21 09:00,20.0525
2023-07-21 08:00,23.1804
2023-07-21 07:00,21.6333
2023-07-21 06:00,22.1206
2023-07-21 05:00,22.6468
2023-07-21 04:00,22.8997
2023-07-20 19:00,23.6572
2023-07-20 18:00,23.6850
2023-07-20 17:00,23.5335
2023-07-20 16:00,25.9294
2023-07-20 15:00,37.0381
2023-07-20 14:00,37.4442
2023-07-20 13:00,36.1039
2023-07-20 12:00,36.7439
2023-07-20 11:00,35.8331
2023-07-20 10:00,36.8253
2023-07-20 09:00,34.3845
2023-07-20 08:00,36.5321
2023-07-20 07:00,36.8401
2023-07-20 06:00,38.1734
2023-07-20 05:00,38.7402
2023-07-20 04:00,39.0721
2023-07-19 19:00,38.9362
2023-07-19 18:00,39.3820
2023-07-19 17:00,39.0929
2023-07-19 16:00,42.7926
2023-07-19 15:00,41.1927
2023-07-19 14:00,42.0738
2023-07-19 13:00,44.1502
2023-07-19 12:00,43.6386
2023-07-19 11:00,41.6131
2023-07-19 10:00,42.3089
2023-07-19 09:00,43.3935
2023-07-19 08:00,43.6662
2023-07-19 07:00,43.5375
2023-07-19 06:00,43.5928
2023-07-19 05:00,43.8435
2023-07-19 04:00,44.1522
2023-07-18 19:00,44.9973
2023-07-18 18:00,45.2724
2023-07-18 17:00,45.6805
2023-07-18 16:00,69.8022
2023-07-18 15:00,29.6371
2023-07-18 14:00,24.2649
2023-07-18 13:00,24.9792
2023-07-18 12:00,26.4701
2023-07-18 11:00,31.7364
2023-07-18 10:00,43.5308
2023-07-18 09:00,45.5414
2023-07-18 08:00,46.1998
2023-07-18 07:00,46.1732
2023-07-18 06:00,46.9928
2023-07-18 05:00,48.8167
2023-07-18 04:00,49.4244
2023-07-17 19:00,49.6407
2023-07-17 18:00,50.1510
2023-07-17 17:00,50.9960
2023-07-17 16:00,23.3333
2023-07-17 15:00,23.3772
2023-07-17 14:00,23.7388
2023-07-17 13:00,23.4896
2023-07-17 12:00,24.0143
2023-07-17 11:00,24.9067
2023-07-17 10:00,25.8177
2023-07-17 09:00,27.2538
2023-07-17 08:00,24.4959
2023-07-17 07:00,28.3672
2023-07-17 06:00,29.3002
2023-07-17 05:00,29.7368
2023-07-17 04:00,30.9979
2023-07-14 19:00,34.2560
2023-07-14 18:00,36.3225
2023-07-14 17:00,37.2403
2023-07-14 16:00,37.4980
2023-07-14 15:00,39.7607
2023-07-14 14:00,38.8892
2023-07-14 13:00,39.6667
2023-07-14 12:00,38.9424
2023-07-14 11:00,36.2446
2023-07-14 10:00,37.2611
2023-07-14 09:00,40.7869
2023-07-14 08:00,46.0810
2023-07-14 07:00,42.7977
2023-07-14 06:00,45.7589
2023-07-14 05:00,47.0993
2023-07-14 04:00,48.9975
2023-07-13 19:00,57.1415
2023-07-13 18:00,57.6379
2023-07-13 17:00,58.4133
2023-07-13 16:00,28.9303
2023-07-13 15:00,28.7846
2023-07-13 14:00,30.5286
2023-07-13 13:00,32.1770
2023-07-13 12:00,32.0074
2023-07-13 11:00,33.2677
2023-07-13 10:00,34.4835
2023-07-13 09:00,36.2643
2023-07-13 08:00,40.9929
2023-07-13 07:00,36.9925
2023-07-13 06:00,37.7595
2023-07-13 05:00,38.9618
2023-07-13 04:00,39.8703
2023-07-12 19:00,41.7425
2023-07-12 18:00,42.5421
2023-07-12 17:00,43.4383
2023-07-12 16:00,25.9316
2023-07-12 15:00,26.5152
2023-07-12 14:00,26.2725
2023-07-12 13:00,27.2715
2023-07-12 12:00,28.3353
2023-07-12 11:00,29.6140
2023-07-12 10:00,24.4454
2023-07-12 09:00,26.1725
2023-07-12 08:00,37.4212
2023-07-12 07:00,28.9548
2023-07-12 06:00,30.7059
2023-07-12 05:00,31.6877
2023-07-12 04:00,32.4957
2023-07-11 19:00,34.0480
2023-07-11 18:00,34.4627
2023-07-11 17:00,34.9942
2023-07-11 16:00,35.5797
2023-07-11 15:00,36.1517
2023-07-11 14:00,38.1065
2023-07-11 13:00,39.2589
2023-07-11 12:00,40.9405
2023-07-11 11:00,44.0449
2023-07-11 10:00,47.6556
2023-07-11 09:00,48.3689
2023-07-11 08:00,46.1610
2023-07-11 07:00,47.1907
2023-07-11 06:00,48.3933
2023-07-11 05:00,49.4274
2023-07-11 04:00,50.8201
2023-07-10 19:00,52.8463
2023-07-10 18:00,53.4417
2023-07-10 17:00,53.4642
2023-07-10 16:00,53.6146
2023-07-10 15:00,54.7541
2023-07-10 14:00,56.3698
2023-07-10 13:00,58.4707
2023-07-10 12:00,60.0264
2023-07-10 11:00,60.6848
2023-07-10 10:00,61.5737
2023-07-10 09:00,64.4999
2023-07-10 08:00,68.7965
2023-07-10 07:00,72.7046
2023-07-10 06:00,74.4227
2023-07-10 05:00,75.4254
2023-07-10 04:00,76.7309
2023-07-07 19:00,75.7009
2023-07-07 18:00,75.9756
2023-07-07 17:00,25.2347
2023-07-07 16:00,29.4354
2023-07-07 15:00,31.3681
2023-07-07 14:00,25.2807
2023-07-07 13:00,21.9430
2023-07-07 12:00,22.8993
2023-07-07 11:00,24.6381
2023-07-07 10:00,25.5463
2023-07-07 09:00,28.8037
2023-07-07 08:00,22.8279
2023-07-07 07:00,25.7887
2023-07-07 06:00,26.5706
2023-07-07 05:00,24.6098
2023-07-07 04:00,24.9454
2023-07-06 19:00,22.9621
2023-07-06 18:00,23.7189
2023-07-06 17:00,24.2741
2023-07-06 16:00,16.9737
2023-07-06 15:00,17.5975
2023-07-06 14:00,17.1869
2023-07-06 13:00,16.0030
2023-07-06 12:00,16.7256
2023-07-06 11:00,18.1418
2023-07-06 10:00,19.1642
2023-07-06 09:00,21.8386
2023-07-06 08:00,22.2334
2023-07-06 07:00,10.3631
2023-07-06 06:00,10.7659
2023-07-06 05:00,11.4180
2023-07-06 04:00,11.8983
2023-07-05 19:00,13.3566
2023-07-05 18:00,13.8883
2023-07-05 17:00,14.0536
2023-07-05 16:00,14.1971
2023-07-05 15:00,14.2754
2023-07-05 14:00,14.6716
2023-07-05 13:00,13.7478
2023-07-05 12:00,14.0143
2023-07-05 11:00,13.2645
2023-07-05 10:00,14.0464
2023-07-05 09:00,16.7462
2023-07-05 08:00,19.5883
2023-07-05 07:00,22.7520
2023-07-05 06:00,22.7459
2023-07-05 05:00,23.3669
2023-07-05 04:00,21.8981
2023-07-03 16:00,18.0493
2023-07-03 15:00,18.1905
2023-07-03 14:00,18.3839
2023-07-03 13:00,26.7695
2023-07-03 12:00,27.5487
2023-07-03 11:00,28.9235
2023-07-03 10:00,28.6763
2023-07-03 09:00,27.8607
2023-07-03 08:00,30.2703
2023-07-03 07:00,34.9107
2023-07-03 06:00,36.0420
2023-07-03 05:00,34.3461
2023-07-03 04:00,35.3641
2023-06-30 19:00,34.3617
2023-06-30 18:00,35.1017
2023-06-30 17:00,35.4705
2023-06-30 16:00,42.3723
2023-06-30 15:00,29.3217
2023-06-30 14:00,30.6523
2023-06-30 13:00,30.9238
2023-06-30 12:00,31.9427
2023-06-30 11:00,33.3722
2023-06-30 10:00,33.7174
2023-06-30 09:00,36.1744
2023-06-30 08:00,40.5256
2023-06-30 07:00,45.7861
2023-06-30 06:00,46.5821
2023-06-30 05:00,47.1255
2023-06-30 04:00,47.6155
2023-06-29 19:00,49.7651
2023-06-29 18:00,50.7028
2023-06-29 17:00,51.1803
2023-06-29 16:00,51.7004
2023-06-29 15:00,32.4478
2023-06-29 14:00,33.8068
2023-06-29 13:00,34.6961
2023-06-29 12:00,35.0858
2023-06-29 11:00,36.0299
2023-06-29 10:00,37.8882
2023-06-29 09:00,37.8019
2023-06-29 08:00,38.9654
2023-06-29 07:00,38.9861
2023-06-29 06:00,40.1729
2023-06-29 05:00,41.4111
2023-06-29 04:00,41.1391
2023-06-28 19:00,40.2172
2023-06-28 18:00,41.4206
2023-06-28 17:00,42.6131
2023-06-28 16:00,14.2392
2023-06-28 15:00,15.0545
2023-06-28 14:00,12.5687
2023-06-28 13:00,12.9760
2023-06-28 12:00,13.0893
2023-06-28 11:00,12.5071
2023-06-28 10:00,13.3795
2023-06-28 09:00,14.8536
2023-06-28 08:00,9.2187
2023-06-28 07:00,5.4866
2023-06-28 06:00,5.7570
2023-06-28 05:00,5.8745
2023-06-28 04:00,6.0118
2023-06-27 19:00,6.3321
2023-06-27 18:00,6.4584
2023-06-27 17:00,6.6017
2023-06-27 16:00,10.4218
2023-06-27 15:00,9.2691
2023-06-27 14:00,9.3331
2023-06-27 13:00,9.8363
2023-06-27 12:00,10.6089
2023-06-27 11:00,11.1776
2023-06-27 10:00,9.3057
2023-06-27 09:00,9.6471
2023-06-27 08:00,10.8555
2023-06-27 07:00,14.1653
2023-06-27 06:00,14.6687
2023-06-27 05:00,15.3178
2023-06-27 04:00,15.7237
2023-06-26 19:00,16.0761
2023-06-26 18:00,16.8842
