time,PLUS_DI
2023-07-24 19:00,27.6642
2023-07-24 18:00,27.4858
2023-07-24 17:00,27.6891
2023-07-24 16:00,30.6194
2023-07-24 15:00,27.3060
2023-07-24 14:00,27.9562
2023-07-24 13:00,28.7031
2023-07-24 12:00,28.0949
2023-07-24 11:00,28.8175
2023-07-24 10:00,30.3582
2023-07-24 09:00,32.0634
2023-07-24 08:00,34.7041
2023-07-24 07:00,36.6689
2023-07-24 06:00,37.4242
2023-07-24 05:00,37.9392
2023-07-24 04:00,38.2782
2023-07-21 19:00,37.0247
2023-07-21 18:00,37.2354
2023-07-21 17:00,37.6658
2023-07-21 16:00,19.4339
2023-07-21 15:00,20.7384
2023-07-21 14:00,23.1705
2023-07-21 13:00,24.1293
2023-07-21 12:00,23.7011
2023-07-21 11:00,24.3552
2023-07-21 10:00,25.3862
2023-07-21 09:00,26.6019
2023-07-21 08:00,20.1748
2023-07-21 07:00,21.1651
2023-07-21 06:00,21.2665
2023-07-21 05:00,20.4937
2023-07-21 04:00,20.7226
2023-07-20 19:00,19.0778
2023-07-20 18:00,19.3546
2023-07-20 17:00,19.6189
2023-07-20 16:00,21.6163
2023-07-20 15:00,8.7762
2023-07-20 14:00,9.0441
2023-07-20 13:00,9.4036
2023-07-20 12:00,9.5704
2023-07-20 11:00,9.9418
2023-07-20 10:00,10.2171
2023-07-20 09:00,11.2523
2023-07-20 08:00,9.7077
2023-07-20 07:00,10.2359
2023-07-20 06:00,7.7504
2023-07-20 05:00,6.7403
2023-07-20 04:00,6.8189
2023-07-19 19:00,7.0206
2023-07-19 18:00,7.1010
2023-07-19 17:00,7.2324
2023-07-19 16:00,7.9169
2023-07-19 15:00,9.9803
2023-07-19 14:00,10.1937
2023-07-19 13:00,8.2190
2023-07-19 12:00,8.3636
2023-07-19 11:00,8.7782
2023-07-19 10:00,8.9250
2023-07-19 09:00,9.2526
2023-07-19 08:00,9.6067
2023-07-19 07:00,9.8731
2023-07-19 06:00,9.9455
2023-07-19 05:00,10.0027
2023-07-19 04:00,10.0731
2023-07-18 19:00,9.0665
2023-07-18 18:00,8.6522
2023-07-18 17:00,8.7302
2023-07-18 16:00,14.8724
2023-07-18 15:00,35.0424
2023-07-18 14:00,38.3777
2023-07-18 13:00,38.6154
2023-07-18 12:00,40.9202
2023-07-18 11:00,33.7588
2023-07-18 10:00,10.4106
2023-07-18 09:00,10.8914
2023-07-18 08:00,12.1856
2023-07-18 07:00,13.0823
2023-07-18 06:00,12.8885
2023-07-18 05:00,10.5120
2023-07-18 04:00,10.6429
2023-07-17 19:00,11.0412
2023-07-17 18:00,11.1547
2023-07-17 17:00,11.3427
2023-07-17 16:00,22.5262
2023-07-17 15:00,23.3144
2023-07-17 14:00,24.3339
2023-07-17 13:00,25.4568
2023-07-17 12:00,26.0255
2023-07-17 11:00,25.5956
2023-07-17 10:00,24.1920
2023-07-17 09:00,25.5377
2023-07-17 08:00,28.9298
2023-07-17 07:00,24.1387
2023-07-17 06:00,24.5036
2023-07-17 05:00,25.1653
2023-07-17 04:00,26.3672
2023-07-14 19:00,23.7743
2023-07-14 18:00,20.8920
2023-07-14 17:00,19.5056
2023-07-14 16:00,19.6406
2023-07-14 15:00,16.6479
2023-07-14 14:00,17.1339
2023-07-14 13:00,17.8156
2023-07-14 12:00,18.3666
2023-07-14 11:00,19.4420
2023-07-14 10:00,19.9872
2023-07-14 09:00,16.8900
2023-07-14 08:00,19.0823
2023-07-14 07:00,23.1410
2023-07-14 06:00,22.1185
2023-07-14 05:00,22.7664
2023-07-14 04:00,23.6839
2023-07-13 19:00,11.2777
2023-07-13 18:00,11.5059
2023-07-13 17:00,11.5572
2023-07-13 16:00,21.1514
2023-07-13 15:00,22.2585
2023-07-13 14:00,19.7147
2023-07-13 13:00,16.9365
2023-07-13 12:00,17.4132
2023-07-13 11:00,17.3785
2023-07-13 10:00,16.8268
2023-07-13 09:00,17.6957
2023-07-13 08:00,14.8386
2023-07-13 07:00,17.0701
2023-07-13 06:00,17.4240
2023-07-13 05:00,17.2485
2023-07-13 04:00,15.5688
2023-07-12 19:00,13.2233
2023-07-12 18:00,13.4766
2023-07-12 17:00,13.1067
2023-07-12 16:00,17.7127
2023-07-12 15:00,18.1113
2023-07-12 14:00,18.7804
2023-07-12 13:00,19.1732
2023-07-12 12:00,18.7328
2023-07-12 11:00,19.5782
2023-07-12 10:00,21.6385
2023-07-12 09:00,18.8903
2023-07-12 08:00,15.1903
2023-07-12 07:00,20.4018
2023-07-12 06:00,17.0894
2023-07-12 05:00,14.9580
2023-07-12 04:00,15.3394
2023-07-11 19:00,13.7764
2023-07-11 18:00,13.4918
2023-07-11 17:00,13.6998
2023-07-11 16:00,13.9290
2023-07-11 15:00,14.1530
2023-07-11 14:00,12.9728
2023-07-11 13:00,13.6700
2023-07-11 12:00,14.2556
2023-07-11 11:00,13.9391
2023-07-11 10:00,9.3300
2023-07-11 09:00,10.1590
2023-07-11 08:00,11.3217
2023-07-11 07:00,12.0648
2023-07-11 06:00,12.1308
2023-07-11 05:00,12.3900
2023-07-11 04:00,12.7391
2023-07-10 19:00,10.4327
2023-07-10 18:00,10.5895
2023-07-10 17:00,10.7550
2023-07-10 16:00,10.8284
2023-07-10 15:00,9.4506
2023-07-10 14:00,9.3407
2023-07-10 13:00,8.9400
2023-07-10 12:00,7.7827
2023-07-10 11:00,8.1229
2023-07-10 10:00,8.4026
2023-07-10 09:00,8.8019
2023-07-10 08:00,10.3467
2023-07-10 07:00,7.7401
2023-07-10 06:00,7.1153
2023-07-10 05:00,7.2206
2023-07-10 04:00,7.3456
2023-07-07 19:00,7.7117
2023-07-07 18:00,7.6187
2023-07-07 17:00,24.3007
2023-07-07 16:00,18.5287
2023-07-07 15:00,19.7453
2023-07-07 14:00,21.8832
2023-07-07 13:00,23.1218
2023-07-07 12:00,23.2015
2023-07-07 11:00,17.8204
2023-07-07 10:00,18.4773
2023-07-07 09:00,20.8333
2023-07-07 08:00,24.2052
2023-07-07 07:00,19.9367
2023-07-07 06:00,19.2302
2023-07-07 05:00,19.7949
2023-07-07 04:00,20.0649
2023-07-06 19:00,21.2042
2023-07-06 18:00,21.0358
2023-07-06 17:00,21.5282
2023-07-06 16:00,23.9718
2023-07-06 15:00,22.9824
2023-07-06 14:00,23.8283
2023-07-06 13:00,24.9941
2023-07-06 12:00,24.5549
2023-07-06 11:00,19.2195
2023-07-06 10:00,20.3026
2023-07-06 09:00,20.8568
2023-07-06 08:00,24.7876
2023-07-06 07:00,30.3055
2023-07-06 06:00,31.4833
2023-07-06 05:00,30.5661
2023-07-06 04:00,30.6295
2023-07-05 19:00,27.4870
2023-07-05 18:00,26.2289
2023-07-05 17:00,25.7249
2023-07-05 16:00,25.9875
2023-07-05 15:00,26.8594
2023-07-05 14:00,27.6049
2023-07-05 13:00,28.5018
2023-07-05 12:00,29.2200
2023-07-05 11:00,30.1033
2023-07-05 10:00,31.8777
2023-07-05 09:00,34.4090
2023-07-05 08:00,38.3184
2023-07-05 07:00,33.5935
2023-07-05 06:00,34.9776
2023-07-05 05:00,35.7825
2023-07-05 04:00,37.0201
2023-07-03 16:00,39.8691
2023-07-03 15:00,40.1810
2023-07-03 14:00,40.6081
2023-07-03 13:00,16.2554
2023-07-03 12:00,16.7286
2023-07-03 11:00,14.7956
2023-07-03 10:00,15.1965
2023-07-03 09:00,16.8369
2023-07-03 08:00,18.2930
2023-07-03 07:00,12.9845
2023-07-03 06:00,13.4053
2023-07-03 05:00,14.0923
2023-07-03 04:00,14.5100
2023-06-30 19:00,15.6387
2023-06-30 18:00,14.7121
2023-06-30 17:00,14.8667
2023-06-30 16:00,17.7595
2023-06-30 15:00,22.6654
2023-06-30 14:00,22.0782
2023-06-30 13:00,22.6271
2023-06-30 12:00,22.8392
2023-06-30 11:00,23.8613
2023-06-30 10:00,25.5129
2023-06-30 09:00,22.1326
2023-06-30 08:00,18.5613
2023-06-30 07:00,13.2809
2023-06-30 06:00,12.7046
2023-06-30 05:00,12.8528
2023-06-30 04:00,12.9865
2023-06-29 19:00,10.9969
2023-06-29 18:00,10.2243
2023-06-29 17:00,10.1793
2023-06-29 16:00,10.2827
2023-06-29 15:00,15.2836
2023-06-29 14:00,14.6555
2023-06-29 13:00,15.3140
2023-06-29 12:00,15.8253
2023-06-29 11:00,16.7252
2023-06-29 10:00,15.7458
2023-06-29 09:00,16.8978
2023-06-29 08:00,17.8727
2023-06-29 07:00,19.6489
2023-06-29 06:00,17.7565
2023-06-29 05:00,17.2683
2023-06-29 04:00,17.7690
2023-06-28 19:00,18.5870
2023-06-28 18:00,18.8440
2023-06-28 17:00,18.5085
2023-06-28 16:00,28.9009
2023-06-28 15:00,26.0507
2023-06-28 14:00,27.6475
2023-06-28 13:00,27.0605
2023-06-28 12:00,27.9000
2023-06-28 11:00,30.4009
2023-06-28 10:00,32.5215
2023-06-28 09:00,32.9177
2023-06-28 08:00,38.6684
2023-06-28 07:00,42.4513
2023-06-28 06:00,41.1497
2023-06-28 05:00,40.7034
2023-06-28 04:00,41.6552
2023-06-27 19:00,39.3785
2023-06-27 18:00,40.1635
2023-06-27 17:00,41.0549
2023-06-27 16:00,28.8635
2023-06-27 15:00,29.9690
2023-06-27 14:00,31.5863
2023-06-27 13:00,28.8620
2023-06-27 12:00,25.5865
2023-06-27 11:00,26.4623
2023-06-27 10:00,29.4633
2023-06-27 09:00,32.8546
2023-06-27 08:00,36.9699
2023-06-27 07:00,29.9733
2023-06-27 06:00,31.0385
2023-06-27 05:00,29.6317
2023-06-27 04:00,29.7824
2023-06-26 19:00,31.6354
2023-06-26 18:00,31.1431
