,time,PLUS_DI,MINUS_DI,ADX
0,2023-06-26 18:00,31.1431,16.8842,
1,2023-06-26 19:00,31.6354,16.0761,
2,2023-06-27 04:00,29.7824,15.7237,
3,2023-06-27 05:00,29.6317,15.3178,
4,2023-06-27 06:00,31.0385,14.6687,
5,2023-06-27 07:00,29.9733,14.1653,
6,2023-06-27 08:00,36.9699,10.8555,
7,2023-06-27 09:00,32.8546,9.6471,
8,2023-06-27 10:00,29.4633,9.3057,
9,2023-06-27 11:00,26.4623,11.1776,
10,2023-06-27 12:00,25.5865,10.6089,
11,2023-06-27 13:00,28.862,9.8363,
12,2023-06-27 14:00,31.5863,9.3331,
13,2023-06-27 15:00,29.969,9.2691,
14,2023-06-27 16:00,28.8635,10.4218,42.58
15,2023-06-27 17:00,41.0549,6.6017,43.82
16,2023-06-27 18:00,40.1635,6.4584,46.65
17,2023-06-27 19:00,39.3785,6.3321,49.61
18,2023-06-28 04:00,41.6552,6.0118,52.5
19,2023-06-28 05:00,40.7034,5.8745,55.28
20,2023-06-28 06:00,41.1497,5.757,58.06
21,2023-06-28 07:00,42.4513,5.4866,59.55
22,2023-06-28 08:00,38.6684,9.2187,61.16
23,2023-06-28 09:00,32.9177,14.8536,61.84
24,2023-06-28 10:00,32.5215,13.3795,61.64
25,2023-06-28 11:00,30.4009,12.5071,61.66
26,2023-06-28 12:00,27.9,13.0893,61.13
27,2023-06-28 13:00,27.0605,12.976,59.82
28,2023-06-28 14:00,27.6475,12.5687,58.57
29,2023-06-28 15:00,26.0507,15.0545,57.89
30,2023-06-28 16:00,28.9009,14.2392,54.64
31,2023-06-28 17:00,18.5085,42.6131,51.91
32,2023-06-28 18:00,18.844,41.4206,49.56
33,2023-06-28 19:00,18.587,40.2172,46.89
34,2023-06-29 04:00,17.769,41.1391,44.18
35,2023-06-29 05:00,17.2683,41.4111,41.62
36,2023-06-29 06:00,17.7565,40.1729,39.05
37,2023-06-29 07:00,19.6489,38.9861,37.43
38,2023-06-29 08:00,17.8727,38.9654,37.08
39,2023-06-29 09:00,16.8978,37.8019,36.75
40,2023-06-29 10:00,15.7458,37.8882,36.5
41,2023-06-29 11:00,16.7252,36.0299,36.87
42,2023-06-29 12:00,15.8253,35.0858,36.97
43,2023-06-29 13:00,15.314,34.6961,37.0
44,2023-06-29 14:00,14.6555,33.8068,37.85
45,2023-06-29 15:00,15.2836,32.4478,38.25
46,2023-06-29 16:00,10.2827,51.7004,38.0
47,2023-06-29 17:00,10.1793,51.1803,40.1
48,2023-06-29 18:00,10.2243,50.7028,42.24
49,2023-06-29 19:00,10.9969,49.7651,44.15
50,2023-06-30 04:00,12.9865,47.6155,45.77
51,2023-06-30 05:00,12.8528,47.1255,47.09
52,2023-06-30 06:00,12.7046,46.5821,48.82
53,2023-06-30 07:00,13.2809,45.7861,50.25
54,2023-06-30 08:00,18.5613,40.5256,51.45
55,2023-06-30 09:00,22.1326,36.1744,51.16
56,2023-06-30 10:00,25.5129,33.7174,50.26
57,2023-06-30 11:00,23.8613,33.3722,48.55
58,2023-06-30 12:00,22.8392,31.9427,46.97
59,2023-06-30 13:00,22.6271,30.9238,45.33
60,2023-06-30 14:00,22.0782,30.6523,43.87
61,2023-06-30 15:00,22.6654,29.3217,40.26
62,2023-06-30 16:00,17.7595,42.3723,36.4
63,2023-06-30 17:00,14.8667,35.4705,34.58
64,2023-06-30 18:00,14.7121,35.1017,32.94
65,2023-06-30 19:00,15.6387,34.3617,31.79
66,2023-07-03 04:00,14.51,35.3641,30.38
67,2023-07-03 05:00,14.0923,34.3461,29.28
68,2023-07-03 06:00,13.4053,36.042,28.34
69,2023-07-03 07:00,12.9845,34.9107,28.96
70,2023-07-03 08:00,18.293,30.2703,30.51
71,2023-07-03 09:00,16.8369,27.8607,31.28
72,2023-07-03 10:00,15.1965,28.6763,31.85
73,2023-07-03 11:00,14.7956,28.9235,32.86
74,2023-07-03 12:00,16.7286,27.5487,34.06
75,2023-07-03 13:00,16.2554,26.7695,34.65
76,2023-07-03 14:00,40.6081,18.3839,35.48
77,2023-07-03 15:00,40.181,18.1905,35.24
78,2023-07-03 16:00,39.8691,18.0493,35.01
79,2023-07-05 04:00,37.0201,21.8981,34.78
80,2023-07-05 05:00,35.7825,23.3669,33.94
81,2023-07-05 06:00,34.9776,22.7459,32.45
82,2023-07-05 07:00,33.5935,22.752,30.98
83,2023-07-05 08:00,38.3184,19.5883,29.08
84,2023-07-05 09:00,34.409,16.7462,28.12
85,2023-07-05 10:00,31.8777,14.0464,28.83
86,2023-07-05 11:00,30.1033,13.2645,29.84
87,2023-07-05 12:00,29.22,14.0143,30.42
88,2023-07-05 13:00,28.5018,13.7478,30.62
89,2023-07-05 14:00,27.6049,14.6716,31.37
90,2023-07-05 15:00,26.8594,14.2754,31.81
91,2023-07-05 16:00,25.9875,14.1971,31.3
92,2023-07-05 17:00,25.7249,14.0536,30.71
93,2023-07-05 18:00,26.2289,13.8883,30.11
94,2023-07-05 19:00,27.487,13.3566,30.48
95,2023-07-06 04:00,30.6295,11.8983,31.45
96,2023-07-06 05:00,30.5661,11.418,33.08
97,2023-07-06 06:00,31.4833,10.7659,34.96
98,2023-07-06 07:00,30.3055,10.3631,36.16
99,2023-07-06 08:00,24.7876,22.2334,37.19
100,2023-07-06 09:00,20.8568,21.8386,34.81
101,2023-07-06 10:00,20.3026,19.1642,32.2
102,2023-07-06 11:00,19.2195,18.1418,29.89
103,2023-07-06 12:00,24.5549,16.7256,27.6
104,2023-07-06 13:00,24.9941,16.003,26.77
105,2023-07-06 14:00,23.8283,17.1869,26.15
106,2023-07-06 15:00,22.9824,17.5975,25.22
107,2023-07-06 16:00,23.9718,16.9737,24.07
108,2023-07-06 17:00,21.5282,24.2741,23.09
109,2023-07-06 18:00,21.0358,23.7189,21.05
110,2023-07-06 19:00,21.2042,22.9621,18.33
111,2023-07-07 04:00,20.0649,24.9454,15.36
112,2023-07-07 05:00,19.7949,24.6098,12.63
113,2023-07-07 06:00,19.2302,26.5706,9.9
114,2023-07-07 07:00,19.9367,25.7887,10.66
115,2023-07-07 08:00,24.2052,22.8279,11.41
116,2023-07-07 09:00,20.8333,28.8037,11.41
117,2023-07-07 10:00,18.4773,25.5463,12.35
118,2023-07-07 11:00,17.8204,24.6381,12.14
119,2023-07-07 12:00,23.2015,22.8993,11.72
120,2023-07-07 13:00,23.1218,21.943,10.61
121,2023-07-07 14:00,21.8832,25.2807,9.85
122,2023-07-07 15:00,19.7453,31.3681,9.15
123,2023-07-07 16:00,18.5287,29.4354,10.34
124,2023-07-07 17:00,24.3007,25.2347,11.54
125,2023-07-07 18:00,7.6187,75.9756,11.39
126,2023-07-07 19:00,7.7117,75.7009,16.46
127,2023-07-10 04:00,7.3456,76.7309,21.5
128,2023-07-10 05:00,7.2206,75.4254,26.25
129,2023-07-10 06:00,7.1153,74.4227,31.23
130,2023-07-10 07:00,7.7401,72.7046,36.92
131,2023-07-10 08:00,10.3467,68.7965,41.54
132,2023-07-10 09:00,8.8019,64.4999,45.67
133,2023-07-10 10:00,8.4026,61.5737,49.95
134,2023-07-10 11:00,8.1229,60.6848,55.33
135,2023-07-10 12:00,7.7827,60.0264,60.6
136,2023-07-10 13:00,8.94,58.4707,65.59
137,2023-07-10 14:00,9.3407,56.3698,69.21
138,2023-07-10 15:00,9.4506,54.7541,72.7
139,2023-07-10 16:00,10.8284,53.6146,77.61
140,2023-07-10 17:00,10.755,53.4642,76.51
141,2023-07-10 18:00,10.5895,53.4417,75.44
142,2023-07-10 19:00,10.4327,52.8463,74.32
143,2023-07-11 04:00,12.7391,50.8201,73.22
144,2023-07-11 05:00,12.39,49.4274,71.6
145,2023-07-11 06:00,12.1308,48.3933,70.11
146,2023-07-11 07:00,12.0648,47.1907,69.11
147,2023-07-11 08:00,11.3217,46.161,67.92
148,2023-07-11 09:00,10.159,48.3689,66.82
149,2023-07-11 10:00,9.33,47.6556,66.03
150,2023-07-11 11:00,13.9391,44.0449,65.33
151,2023-07-11 12:00,14.2556,40.9405,63.79
152,2023-07-11 13:00,13.67,39.2589,62.13
153,2023-07-11 14:00,12.9728,38.1065,60.55
154,2023-07-11 15:00,14.153,36.1517,59.32
155,2023-07-11 16:00,13.929,35.5797,57.69
156,2023-07-11 17:00,13.6998,34.9942,56.03
157,2023-07-11 18:00,13.4918,34.4627,54.37
158,2023-07-11 19:00,13.7764,34.048,53.21
159,2023-07-12 04:00,15.3394,32.4957,51.96
160,2023-07-12 05:00,14.958,31.6877,50.24
161,2023-07-12 06:00,17.0894,30.7059,48.57
162,2023-07-12 07:00,20.4018,28.9548,46.28
163,2023-07-12 08:00,15.1903,37.4212,42.85
164,2023-07-12 09:00,18.8903,26.1725,41.07
165,2023-07-12 10:00,21.6385,24.4454,38.51
166,2023-07-12 11:00,19.5782,29.614,35.49
167,2023-07-12 12:00,18.7328,28.3353,33.5
168,2023-07-12 13:00,19.1732,27.2715,31.44
169,2023-07-12 14:00,18.7804,26.2725,29.56
170,2023-07-12 15:00,18.1113,26.5152,27.63
171,2023-07-12 16:00,17.7127,25.9316,25.85
172,2023-07-12 17:00,13.1067,43.4383,24.07
173,2023-07-12 18:00,13.4766,42.5421,24.87
174,2023-07-12 19:00,13.2233,41.7425,26.02
175,2023-07-13 04:00,15.5688,39.8703,27.16
176,2023-07-13 05:00,17.2485,38.9618,28.26
177,2023-07-13 06:00,17.424,37.7595,29.78
178,2023-07-13 07:00,17.0701,36.9925,29.39
179,2023-07-13 08:00,14.8386,40.9929,30.87
180,2023-07-13 09:00,17.6957,36.2643,33.78
181,2023-07-13 10:00,16.8268,34.4835,34.78
182,2023-07-13 11:00,17.3785,33.2677,35.78
183,2023-07-13 12:00,17.4132,32.0074,36.78
184,2023-07-13 13:00,16.9365,32.177,37.7
185,2023-07-13 14:00,19.7147,30.5286,38.57
186,2023-07-13 15:00,22.2585,28.7846,38.76
187,2023-07-13 16:00,21.1514,28.9303,35.85
188,2023-07-13 17:00,11.5572,58.4133,33.25
189,2023-07-13 18:00,11.5059,57.6379,34.33
190,2023-07-13 19:00,11.2777,57.1415,35.96
191,2023-07-14 04:00,23.6839,48.9975,37.99
192,2023-07-14 05:00,22.7664,47.0993,37.85
193,2023-07-14 06:00,22.1185,45.7589,37.7
194,2023-07-14 07:00,23.141,42.7977,36.84
195,2023-07-14 08:00,19.0823,46.081,36.51
196,2023-07-14 09:00,16.89,40.7869,37.02
197,2023-07-14 10:00,19.9872,37.2611,37.73
198,2023-07-14 11:00,19.442,36.2446,37.78
199,2023-07-14 12:00,18.3666,38.9424,37.72
200,2023-07-14 13:00,17.8156,39.6667,38.75
201,2023-07-14 14:00,17.1339,38.8892,40.55
202,2023-07-14 15:00,16.6479,39.7607,42.21
203,2023-07-14 16:00,19.6406,37.498,40.36
204,2023-07-14 17:00,19.5056,37.2403,37.82
205,2023-07-14 18:00,20.892,36.3225,35.27
206,2023-07-14 19:00,23.7743,34.256,34.71
207,2023-07-17 04:00,26.3672,30.9979,33.51
208,2023-07-17 05:00,25.1653,29.7368,31.6
209,2023-07-17 06:00,24.5036,29.3002,30.06
210,2023-07-17 07:00,24.1387,28.3672,27.74
211,2023-07-17 08:00,28.9298,24.4959,25.36
212,2023-07-17 09:00,25.5377,27.2538,23.79
213,2023-07-17 10:00,24.192,25.8177,21.87
214,2023-07-17 11:00,25.5956,24.9067,19.54
215,2023-07-17 12:00,26.0255,24.0143,16.92
216,2023-07-17 13:00,25.4568,23.4896,14.43
217,2023-07-17 14:00,24.3339,23.7388,11.79
218,2023-07-17 15:00,23.3144,23.3772,9.65
219,2023-07-17 16:00,22.5262,23.3333,7.43
220,2023-07-17 17:00,11.3427,50.996,5.63
221,2023-07-17 18:00,11.1547,50.151,8.88
222,2023-07-17 19:00,11.0412,49.6407,12.85
223,2023-07-18 04:00,10.6429,49.4244,16.8
224,2023-07-18 05:00,10.512,48.8167,20.77
225,2023-07-18 06:00,12.8885,46.9928,24.81
226,2023-07-18 07:00,13.0823,46.1732,28.28
227,2023-07-18 08:00,12.1856,46.1998,32.04
228,2023-07-18 09:00,10.8914,45.5414,35.97
229,2023-07-18 10:00,10.4106,43.5308,40.26
230,2023-07-18 11:00,33.7588,31.7364,44.35
231,2023-07-18 12:00,40.9202,26.4701,44.29
232,2023-07-18 13:00,38.6154,24.9792,45.73
233,2023-07-18 14:00,38.3777,24.2649,47.25
234,2023-07-18 15:00,35.0424,29.6371,48.74
235,2023-07-18 16:00,14.8724,69.8022,44.79
236,2023-07-18 17:00,8.7302,45.6805,44.88
237,2023-07-18 18:00,8.6522,45.2724,45.19
238,2023-07-18 19:00,9.0665,44.9973,45.43
239,2023-07-19 04:00,10.0731,44.1522,45.56
240,2023-07-19 05:00,10.0027,43.8435,45.98
241,2023-07-19 06:00,9.9455,43.5928,46.48
242,2023-07-19 07:00,9.8731,43.5375,46.81
243,2023-07-19 08:00,9.6067,43.6662,46.93
244,2023-07-19 09:00,9.2526,43.3935,47.11
245,2023-07-19 10:00,8.925,42.3089,51.52
246,2023-07-19 11:00,8.7782,41.6131,54.64
247,2023-07-19 12:00,8.3636,43.6386,57.77
248,2023-07-19 13:00,8.219,44.1502,61.0
249,2023-07-19 14:00,10.1937,42.0738,65.31
250,2023-07-19 15:00,9.9803,41.1927,65.03
251,2023-07-19 16:00,7.9169,42.7926,64.53
252,2023-07-19 17:00,7.2324,39.0929,64.6
253,2023-07-19 18:00,7.101,39.382,64.76
254,2023-07-19 19:00,7.0206,38.9362,65.23
255,2023-07-20 04:00,6.8189,39.0721,65.7
256,2023-07-20 05:00,6.7403,38.7402,66.24
257,2023-07-20 06:00,7.7504,38.1734,66.76
258,2023-07-20 07:00,10.2359,36.8401,66.92
259,2023-07-20 08:00,9.7077,36.5321,66.33
260,2023-07-20 09:00,11.2523,34.3845,65.82
261,2023-07-20 10:00,10.2171,36.8253,64.78
262,2023-07-20 11:00,9.9418,35.8331,63.98
263,2023-07-20 12:00,9.5704,36.7439,63.12
264,2023-07-20 13:00,9.4036,36.1039,62.95
265,2023-07-20 14:00,9.0441,37.4442,62.79
266,2023-07-20 15:00,8.7762,37.0381,62.24
267,2023-07-20 16:00,21.6163,25.9294,61.73
268,2023-07-20 17:00,19.6189,23.5335,57.42
269,2023-07-20 18:00,19.3546,23.685,53.11
270,2023-07-20 19:00,19.0778,23.6572,48.81
271,2023-07-21 04:00,20.7226,22.8997,44.54
272,2023-07-21 05:00,20.4937,22.6468,40.17
273,2023-07-21 06:00,21.2665,22.1206,36.49
274,2023-07-21 07:00,21.1651,21.6333,32.49
275,2023-07-21 08:00,20.1748,23.1804,28.94
276,2023-07-21 09:00,26.6019,20.0525,25.4
277,2023-07-21 10:00,25.3862,21.2106,22.36
278,2023-07-21 11:00,24.3552,20.3492,18.81
279,2023-07-21 12:00,23.7011,21.0641,15.26
280,2023-07-21 13:00,24.1293,20.4755,11.32
281,2023-07-21 14:00,23.1705,22.5165,7.5
282,2023-07-21 15:00,20.7384,27.2186,6.95
283,2023-07-21 16:00,19.4339,25.5064,7.27
284,2023-07-21 17:00,37.6658,15.9484,7.51
285,2023-07-21 18:00,37.2354,15.7662,9.64
286,2023-07-21 19:00,37.0247,15.677,12.18
287,2023-07-24 04:00,38.2782,15.05,14.72
288,2023-07-24 05:00,37.9392,14.9167,17.69
289,2023-07-24 06:00,37.4242,15.0227,20.72
290,2023-07-24 07:00,36.6689,15.0776,23.27
291,2023-07-24 08:00,34.7041,16.7746,25.25
292,2023-07-24 09:00,32.0634,17.809,27.1
293,2023-07-24 10:00,30.3582,16.8619,28.5
294,2023-07-24 11:00,28.8175,16.0749,30.12
295,2023-07-24 12:00,28.0949,15.6719,31.56
296,2023-07-24 13:00,28.7031,14.9937,33.49
297,2023-07-24 14:00,27.9562,14.3826,34.77
298,2023-07-24 15:00,27.306,14.0481,36.09
299,2023-07-24 16:00,30.6194,11.997,35.49
300,2023-07-24 17:00,27.6891,10.8241,35.72
301,2023-07-24 18:00,27.4858,10.7447,35.95
302,2023-07-24 19:00,27.6642,10.6057,35.97
